,symbol,date,open,high,low,close,volume,adjclose,dividends,weekday,splits
0,CSMG3.SA,2022-06-19,11.970000267028809,12.09000015258789,11.800000190734863,11.890000343322754,929600,10.898180961608887,0.0,6,0
1,CSMG3.SA,2022-06-20,11.989999771118164,12.029999732971191,11.729999542236328,11.789999961853027,1191100,10.806522369384766,0.0,0,0
2,CSMG3.SA,2022-06-21,11.579999923706055,11.960000038146973,11.550000190734863,11.869999885559082,964000,11.010720252990723,0.140134,1,0
3,CSMG3.SA,2022-06-22,11.890000343322754,12.039999961853027,11.729999542236328,11.75,1109900,10.899407386779785,0.0,2,0
4,CSMG3.SA,2022-06-23,11.8100004196167,11.930000305175781,11.630000114440918,11.630000114440918,738300,10.788094520568848,0.0,3,0
5,CSMG3.SA,2022-06-26,11.640000343322754,11.949999809265137,11.640000343322754,11.930000305175781,768500,11.066377639770508,0.0,6,0
6,CSMG3.SA,2022-06-27,11.989999771118164,12.140000343322754,11.869999885559082,11.949999809265137,995700,11.084928512573242,0.0,0,0
7,CSMG3.SA,2022-06-28,11.989999771118164,12.050000190734863,11.6899995803833,11.800000190734863,700000,10.945788383483887,0.0,1,0
8,CSMG3.SA,2022-06-29,11.640000343322754,11.670000076293945,11.449999809265137,11.520000457763672,1216700,10.686058044433594,0.0,2,0
9,CSMG3.SA,2022-06-30,11.579999923706055,11.710000038146973,11.460000038146973,11.680000305175781,1003900,10.83447551727295,0.0,3,0
10,CSMG3.SA,2022-07-03,11.630000114440918,11.6899995803833,11.399999618530273,11.40999984741211,1090500,10.584020614624023,0.0,6,0
11,CSMG3.SA,2022-07-04,11.369999885559082,11.470000267028809,11.15999984741211,11.260000228881836,944900,10.444879531860352,0.0,0,0
12,CSMG3.SA,2022-07-05,11.25,11.449999809265137,11.130000114440918,11.390000343322754,977600,10.565468788146973,0.0,1,0
13,CSMG3.SA,2022-07-06,11.520000457763672,11.520000457763672,11.329999923706055,11.34000015258789,1112300,10.519087791442871,0.0,2,0
14,CSMG3.SA,2022-07-07,11.359999656677246,11.479999542236328,11.300000190734863,11.350000381469727,1040700,10.528364181518555,0.0,3,0
15,CSMG3.SA,2022-07-10,11.319999694824219,11.390000343322754,11.15999984741211,11.220000267028809,724300,10.407774925231934,0.0,6,0
16,CSMG3.SA,2022-07-11,11.210000038146973,11.399999618530273,11.180000305175781,11.319999694824219,1044100,10.500535011291504,0.0,0,0
17,CSMG3.SA,2022-07-12,11.25,11.479999542236328,11.15999984741211,11.369999885559082,1516300,10.546916007995605,0.0,1,0
18,CSMG3.SA,2022-07-13,11.210000038146973,11.3100004196167,11.180000305175781,11.239999771118164,531600,10.426326751708984,0.0,2,0
19,CSMG3.SA,2022-07-14,11.270000457763672,11.399999618530273,11.180000305175781,11.289999961853027,823600,10.472707748413086,0.0,3,0
20,CSMG3.SA,2022-07-17,11.380000114440918,11.380000114440918,11.09000015258789,11.170000076293945,1183800,10.361394882202148,0.0,6,0
21,CSMG3.SA,2022-07-18,11.25,11.390000343322754,11.149999618530273,11.350000381469727,1127500,10.528364181518555,0.0,0,0
22,CSMG3.SA,2022-07-19,11.260000228881836,11.619999885559082,11.260000228881836,11.5,1122700,10.667505264282227,0.0,1,0
23,CSMG3.SA,2022-07-20,11.520000457763672,11.600000381469727,11.369999885559082,11.479999542236328,877300,10.64895248413086,0.0,2,0
24,CSMG3.SA,2022-07-21,11.5600004196167,11.8100004196167,11.449999809265137,11.770000457763672,1393900,10.917960166931152,0.0,3,0
25,CSMG3.SA,2022-07-24,11.850000381469727,11.970000267028809,11.65999984741211,11.729999542236328,1853800,10.880854606628418,0.0,6,0
26,CSMG3.SA,2022-07-25,11.739999771118164,11.760000228881836,11.210000038146973,11.390000343322754,3228100,10.565468788146973,0.0,0,0
27,CSMG3.SA,2022-07-26,11.40999984741211,11.899999618530273,11.380000114440918,11.800000190734863,1473200,10.945788383483887,0.0,1,0
28,CSMG3.SA,2022-07-27,11.779999732971191,12.220000267028809,11.779999732971191,12.220000267028809,1290200,11.335383415222168,0.0,2,0
29,CSMG3.SA,2022-07-28,12.220000267028809,12.319999694824219,11.899999618530273,12.0,3028200,11.131309509277344,0.0,3,0
30,CSMG3.SA,2022-07-31,12.0,12.300000190734863,11.84000015258789,12.210000038146973,1523000,11.326107025146484,0.0,6,0
31,CSMG3.SA,2022-08-01,12.210000038146973,12.260000228881836,11.880000114440918,11.960000038146973,1698700,11.094204902648926,0.0,0,0
32,CSMG3.SA,2022-08-02,12.09000015258789,12.829999923706055,12.0,12.65999984741211,4193600,11.743532180786133,0.0,1,0
33,CSMG3.SA,2022-08-03,12.699999809265137,13.670000076293945,12.699999809265137,13.359999656677246,2528400,12.392857551574707,0.0,2,0
34,CSMG3.SA,2022-08-04,13.329999923706055,13.420000076293945,13.0,13.15999984741211,1185400,12.20733642578125,0.0,3,0
35,CSMG3.SA,2022-08-07,13.130000114440918,13.180000305175781,12.8100004196167,12.979999542236328,2662400,12.040366172790527,0.0,6,0
36,CSMG3.SA,2022-08-08,12.979999542236328,13.15999984741211,12.800000190734863,12.920000076293945,909300,11.984710693359375,0.0,0,0
37,CSMG3.SA,2022-08-09,13.0,13.5600004196167,12.949999809265137,13.420000076293945,2318000,12.448514938354492,0.0,1,0
38,CSMG3.SA,2022-08-10,13.5600004196167,13.800000190734863,13.119999885559082,13.180000305175781,1791400,12.225889205932617,0.0,2,0
39,CSMG3.SA,2022-08-11,12.960000038146973,13.34000015258789,12.8100004196167,12.960000038146973,2196200,12.021814346313477,0.0,3,0
40,CSMG3.SA,2022-08-14,12.850000381469727,13.670000076293945,12.760000228881836,13.529999732971191,2047400,12.550551414489746,0.0,6,0
41,CSMG3.SA,2022-08-15,13.5,13.5,13.1899995803833,13.380000114440918,1312000,12.411410331726074,0.0,0,0
42,CSMG3.SA,2022-08-16,13.3100004196167,13.84000015258789,13.3100004196167,13.75,1843500,12.75462532043457,0.0,1,0
43,CSMG3.SA,2022-08-17,13.760000228881836,14.079999923706055,13.520000457763672,13.65999984741211,1700400,12.671140670776367,0.0,2,0
44,CSMG3.SA,2022-08-18,13.600000381469727,13.619999885559082,13.329999923706055,13.420000076293945,1465000,12.448514938354492,0.0,3,0
45,CSMG3.SA,2022-08-21,13.380000114440918,13.430000305175781,13.109999656677246,13.380000114440918,1573500,12.411410331726074,0.0,6,0
46,CSMG3.SA,2022-08-22,13.430000305175781,13.479999542236328,13.109999656677246,13.359999656677246,3499100,12.392857551574707,0.0,0,0
47,CSMG3.SA,2022-08-23,13.270000457763672,13.579999923706055,13.270000457763672,13.510000228881836,1057500,12.531999588012695,0.0,1,0
48,CSMG3.SA,2022-08-24,13.510000228881836,13.649999618530273,13.359999656677246,13.399999618530273,857600,12.429962158203125,0.0,2,0
49,CSMG3.SA,2022-08-25,13.470000267028809,13.470000267028809,13.079999923706055,13.170000076293945,888400,12.216612815856934,0.0,3,0
50,CSMG3.SA,2022-08-28,13.130000114440918,13.550000190734863,13.029999732971191,13.479999542236328,1385700,12.504170417785645,0.0,6,0
51,CSMG3.SA,2022-08-29,13.489999771118164,13.649999618530273,13.34000015258789,13.359999656677246,1432600,12.392857551574707,0.0,0,0
52,CSMG3.SA,2022-08-30,13.430000305175781,13.579999923706055,13.34000015258789,13.5,2825400,12.522723197937012,0.0,1,0
53,CSMG3.SA,2022-08-31,13.5,13.739999771118164,13.369999885559082,13.640000343322754,3226700,12.652588844299316,0.0,2,0
54,CSMG3.SA,2022-09-01,13.699999809265137,14.15999984741211,13.649999618530273,14.09000015258789,1725300,13.070012092590332,0.0,3,0
55,CSMG3.SA,2022-09-04,14.100000381469727,14.100000381469727,13.720000267028809,13.880000114440918,1091800,12.875214576721191,0.0,6,0
56,CSMG3.SA,2022-09-05,13.479999542236328,13.529999732971191,13.140000343322754,13.390000343322754,2208200,12.420686721801758,0.0,0,0
57,CSMG3.SA,2022-09-07,13.600000381469727,14.25,13.600000381469727,14.109999656677246,3350700,13.0885648727417,0.0,2,0
58,CSMG3.SA,2022-09-08,14.109999656677246,14.399999618530273,14.069999694824219,14.329999923706055,1292400,13.292638778686523,0.0,3,0
59,CSMG3.SA,2022-09-11,14.390000343322754,14.390000343322754,14.039999961853027,14.100000381469727,1355000,13.079288482666016,0.0,6,0
60,CSMG3.SA,2022-09-12,14.029999732971191,14.109999656677246,13.460000038146973,13.670000076293945,2747100,12.68041706085205,0.0,0,0
61,CSMG3.SA,2022-09-13,13.680000305175781,13.680000305175781,13.220000267028809,13.5,2248500,12.522723197937012,0.0,1,0
62,CSMG3.SA,2022-09-14,13.470000267028809,13.520000457763672,13.210000038146973,13.380000114440918,992700,12.411410331726074,0.0,2,0
63,CSMG3.SA,2022-09-15,13.3100004196167,13.770000457763672,13.140000343322754,13.770000457763672,4041600,12.773178100585938,0.0,3,0
64,CSMG3.SA,2022-09-18,13.699999809265137,13.699999809265137,13.329999923706055,13.569999694824219,1443900,12.587655067443848,0.0,6,0
65,CSMG3.SA,2022-09-19,13.5600004196167,13.949999809265137,13.539999961853027,13.850000381469727,1969700,12.847386360168457,0.0,0,0
66,CSMG3.SA,2022-09-20,13.6899995803833,13.850000381469727,13.579999923706055,13.680000305175781,1335700,12.8331937789917,0.15487,1,0
67,CSMG3.SA,2022-09-21,13.75,13.949999809265137,13.479999542236328,13.880000114440918,1121600,13.02081298828125,0.0,2,0
68,CSMG3.SA,2022-09-22,13.65999984741211,13.84000015258789,13.399999618530273,13.739999771118164,1308900,12.88947868347168,0.0,3,0
69,CSMG3.SA,2022-09-25,13.630000114440918,13.710000038146973,13.260000228881836,13.300000190734863,386200,12.476716041564941,0.0,6,0
70,CSMG3.SA,2022-09-26,12.90999984741211,13.010000228881836,12.829999923706055,12.859999656677246,1479000,12.06395149230957,0.0,0,0
71,CSMG3.SA,2022-09-27,12.850000381469727,13.09000015258789,12.75,12.960000038146973,1679600,12.157761573791504,0.0,1,0
72,CSMG3.SA,2022-09-28,12.829999923706055,13.0600004196167,12.760000228881836,12.979999542236328,1068400,12.176523208618164,0.0,2,0
73,CSMG3.SA,2022-09-29,12.979999542236328,13.220000267028809,12.850000381469727,13.199999809265137,1996200,12.382905006408691,0.0,3,0
74,CSMG3.SA,2022-10-02,14.359999656677246,15.789999961853027,14.050000190734863,15.680000305175781,9280000,14.709391593933105,0.0,6,0
75,CSMG3.SA,2022-10-03,15.539999961853027,15.539999961853027,14.65999984741211,15.0,4860800,14.071483612060547,0.0,0,0
76,CSMG3.SA,2022-10-04,15.0,15.470000267028809,14.890000343322754,15.260000228881836,2209700,14.315389633178711,0.0,1,0
77,CSMG3.SA,2022-10-05,15.260000228881836,15.760000228881836,15.109999656677246,15.729999542236328,1789600,14.756295204162598,0.0,2,0
78,CSMG3.SA,2022-10-06,15.600000381469727,16.06999969482422,15.479999542236328,15.800000190734863,2536300,14.8219633102417,0.0,3,0
79,CSMG3.SA,2022-10-09,15.829999923706055,15.829999923706055,15.390000343322754,15.59000015258789,1910700,14.624961853027344,0.0,6,0
80,CSMG3.SA,2022-10-10,15.479999542236328,15.770000457763672,15.09000015258789,15.15999984741211,1750900,14.221579551696777,0.0,0,0
81,CSMG3.SA,2022-10-12,14.960000038146973,15.010000228881836,14.760000228881836,14.789999961853027,1289200,13.874483108520508,0.0,2,0
82,CSMG3.SA,2022-10-13,14.800000190734863,14.829999923706055,14.239999771118164,14.380000114440918,2153800,13.489862442016602,0.0,3,0
83,CSMG3.SA,2022-10-16,14.359999656677246,15.420000076293945,14.260000228881836,15.050000190734863,2950000,14.118389129638672,0.0,6,0
84,CSMG3.SA,2022-10-17,15.130000114440918,16.100000381469727,15.039999961853027,15.8100004196167,2797200,14.831343650817871,0.0,0,0
85,CSMG3.SA,2022-10-18,15.65999984741211,15.9399995803833,15.520000457763672,15.739999771118164,1567600,14.765676498413086,0.0,1,0
86,CSMG3.SA,2022-10-19,15.829999923706055,16.0,15.579999923706055,15.729999542236328,3629700,14.756295204162598,0.0,2,0
87,CSMG3.SA,2022-10-20,15.680000305175781,15.960000038146973,15.539999961853027,15.6899995803833,1558900,14.718771934509277,0.0,3,0
88,CSMG3.SA,2022-10-23,15.5,15.779999732971191,15.369999885559082,15.4399995803833,1878100,14.484247207641602,0.0,6,0
89,CSMG3.SA,2022-10-24,15.40999984741211,15.539999961853027,15.050000190734863,15.229999542236328,1679000,14.287245750427246,0.0,0,0
90,CSMG3.SA,2022-10-25,15.0600004196167,15.229999542236328,14.600000381469727,14.729999542236328,1342200,13.818196296691895,0.0,1,0
91,CSMG3.SA,2022-10-26,14.8100004196167,15.170000076293945,14.699999809265137,15.119999885559082,2257700,14.18405532836914,0.0,2,0
92,CSMG3.SA,2022-10-27,15.010000228881836,15.220000267028809,14.819999694824219,15.0,2316100,14.071483612060547,0.0,3,0
93,CSMG3.SA,2022-10-30,14.59000015258789,15.579999923706055,14.5,15.359999656677246,3208300,14.409198760986328,0.0,6,0
94,CSMG3.SA,2022-10-31,15.479999542236328,15.699999809265137,15.0600004196167,15.470000267028809,2654800,14.51239013671875,0.0,0,0
95,CSMG3.SA,2022-11-02,15.25,15.59000015258789,15.010000228881836,15.289999961853027,2569900,14.34353256225586,0.0,2,0
96,CSMG3.SA,2022-11-03,15.59000015258789,15.850000381469727,15.369999885559082,15.649999618530273,1555400,14.68124771118164,0.0,3,0
97,CSMG3.SA,2022-11-06,15.449999809265137,15.489999771118164,14.949999809265137,15.119999885559082,1375500,14.18405532836914,0.0,6,0
98,CSMG3.SA,2022-11-07,15.0,15.260000228881836,14.65999984741211,15.229999542236328,2286300,14.287245750427246,0.0,0,0
99,CSMG3.SA,2022-11-08,15.149999618530273,15.609999656677246,15.010000228881836,15.479999542236328,2582600,14.521770477294922,0.0,1,0
100,CSMG3.SA,2022-11-09,15.119999885559082,15.199999809265137,14.550000190734863,14.75,3037800,13.836958885192871,0.0,2,0
101,CSMG3.SA,2022-11-10,14.760000228881836,14.920000076293945,14.40999984741211,14.789999961853027,2260700,13.874483108520508,0.0,3,0
102,CSMG3.SA,2022-11-13,14.960000038146973,15.029999732971191,14.670000076293945,14.920000076293945,1031100,13.99643611907959,0.0,6,0
103,CSMG3.SA,2022-11-15,14.960000038146973,15.079999923706055,14.489999771118164,14.8100004196167,1818100,13.893244743347168,0.0,1,0
104,CSMG3.SA,2022-11-16,14.739999771118164,14.920000076293945,14.079999923706055,14.5600004196167,3130600,13.658720016479492,0.0,2,0
105,CSMG3.SA,2022-11-17,14.720000267028809,15.010000228881836,14.4399995803833,14.539999961853027,1502000,13.639958381652832,0.0,3,0
106,CSMG3.SA,2022-11-20,14.600000381469727,15.640000343322754,14.5600004196167,15.529999732971191,2280300,14.568675994873047,0.0,6,0
107,CSMG3.SA,2022-11-21,15.529999732971191,15.579999923706055,14.850000381469727,15.010000228881836,1088800,14.080864906311035,0.0,0,0
108,CSMG3.SA,2022-11-22,14.970000267028809,15.199999809265137,14.579999923706055,15.09000015258789,1283700,14.155912399291992,0.0,1,0
109,CSMG3.SA,2022-11-23,15.210000038146973,15.729999542236328,15.109999656677246,15.609999656677246,599600,14.643723487854004,0.0,2,0
110,CSMG3.SA,2022-11-24,15.579999923706055,15.630000114440918,15.180000305175781,15.460000038146973,1106600,14.503008842468262,0.0,3,0
111,CSMG3.SA,2022-11-27,15.4399995803833,15.699999809265137,15.289999961853027,15.539999961853027,932100,14.578057289123535,0.0,6,0
112,CSMG3.SA,2022-11-28,15.579999923706055,15.789999961853027,15.239999771118164,15.550000190734863,1245100,14.587438583374023,0.0,0,0
113,CSMG3.SA,2022-11-29,15.5600004196167,15.829999923706055,15.399999618530273,15.800000190734863,1550500,14.8219633102417,0.0,1,0
114,CSMG3.SA,2022-11-30,15.800000190734863,15.850000381469727,15.40999984741211,15.75,1481200,14.775057792663574,0.0,2,0
115,CSMG3.SA,2022-12-01,15.760000228881836,16.049999237060547,15.489999771118164,15.930000305175781,1749100,14.943916320800781,0.0,3,0
116,CSMG3.SA,2022-12-04,15.920000076293945,15.920000076293945,15.550000190734863,15.550000190734863,911300,14.587438583374023,0.0,6,0
117,CSMG3.SA,2022-12-05,15.619999885559082,15.899999618530273,15.489999771118164,15.779999732971191,1584000,14.803200721740723,0.0,0,0
118,CSMG3.SA,2022-12-06,15.699999809265137,16.270000457763672,15.699999809265137,16.049999237060547,1570000,15.056487083435059,0.0,1,0
119,CSMG3.SA,2022-12-07,16.100000381469727,16.100000381469727,15.199999809265137,15.539999961853027,2166700,14.578057289123535,0.0,2,0
120,CSMG3.SA,2022-12-08,15.539999961853027,15.640000343322754,15.149999618530273,15.40999984741211,742800,14.456104278564453,0.0,3,0
121,CSMG3.SA,2022-12-11,15.329999923706055,15.479999542236328,14.670000076293945,14.859999656677246,1818200,13.940149307250977,0.0,6,0
122,CSMG3.SA,2022-12-12,14.880000114440918,15.420000076293945,14.880000114440918,15.069999694824219,1675400,14.137149810791016,0.0,0,0
123,CSMG3.SA,2022-12-13,14.979999542236328,15.34000015258789,14.770000457763672,15.229999542236328,1668700,14.287245750427246,0.0,1,0
124,CSMG3.SA,2022-12-14,15.140000343322754,15.550000190734863,14.979999542236328,15.289999961853027,870100,14.34353256225586,0.0,2,0
125,CSMG3.SA,2022-12-15,15.300000190734863,15.300000190734863,14.930000305175781,15.09000015258789,1972900,14.155912399291992,0.0,3,0
126,CSMG3.SA,2022-12-18,15.09000015258789,15.489999771118164,14.970000267028809,15.289999961853027,1097900,14.34353256225586,0.0,6,0
127,CSMG3.SA,2022-12-19,15.270000457763672,15.850000381469727,15.140000343322754,15.539999961853027,1489800,14.578057289123535,0.0,0,0
128,CSMG3.SA,2022-12-20,15.579999923706055,15.729999542236328,15.220000267028809,15.329999923706055,1002400,14.38105583190918,0.0,1,0
129,CSMG3.SA,2022-12-21,15.350000381469727,15.65999984741211,15.289999961853027,15.579999923706055,864000,14.615580558776855,0.0,2,0
130,CSMG3.SA,2022-12-22,15.670000076293945,15.880000114440918,15.479999542236328,15.6899995803833,821800,14.718771934509277,0.0,3,0
131,CSMG3.SA,2022-12-25,15.680000305175781,15.75,15.460000038146973,15.579999923706055,459800,14.615580558776855,0.0,6,0
132,CSMG3.SA,2022-12-26,15.630000114440918,15.630000114440918,15.0,15.170000076293945,773100,14.230960845947266,0.0,0,0
133,CSMG3.SA,2022-12-27,15.239999771118164,15.5600004196167,15.039999961853027,15.539999961853027,698600,14.578057289123535,0.0,1,0
134,CSMG3.SA,2022-12-28,15.59000015258789,15.899999618530273,15.489999771118164,15.6899995803833,2498000,14.718771934509277,0.0,2,0
135,CSMG3.SA,2023-01-01,15.710000038146973,15.710000038146973,15.029999732971191,15.289999961853027,989000,14.34353256225586,0.0,6,0
136,CSMG3.SA,2023-01-02,15.260000228881836,15.289999961853027,14.75,15.069999694824219,2183000,14.137149810791016,0.0,0,0
137,CSMG3.SA,2023-01-03,15.109999656677246,15.199999809265137,14.789999961853027,14.920000076293945,1214100,13.99643611907959,0.0,1,0
138,CSMG3.SA,2023-01-04,14.989999771118164,15.220000267028809,14.8100004196167,15.220000267028809,1200900,14.277865409851074,0.0,2,0
139,CSMG3.SA,2023-01-05,15.220000267028809,15.289999961853027,15.029999732971191,15.25,800100,14.306008338928223,0.0,3,0
140,CSMG3.SA,2023-01-08,15.039999961853027,15.529999732971191,14.890000343322754,15.399999618530273,920600,14.446722984313965,0.0,6,0
141,CSMG3.SA,2023-01-09,15.319999694824219,15.609999656677246,15.149999618530273,15.5600004196167,845900,14.596818923950195,0.0,0,0
142,CSMG3.SA,2023-01-10,15.529999732971191,15.739999771118164,15.1899995803833,15.619999885559082,1010700,14.653104782104492,0.0,1,0
143,CSMG3.SA,2023-01-11,15.5600004196167,15.890000343322754,15.390000343322754,15.460000038146973,798800,14.503008842468262,0.0,2,0
144,CSMG3.SA,2023-01-12,15.300000190734863,15.40999984741211,14.949999809265137,15.010000228881836,1023600,14.080864906311035,0.0,3,0
145,CSMG3.SA,2023-01-15,15.0,15.0,14.710000038146973,14.979999542236328,755300,14.05272102355957,0.0,6,0
146,CSMG3.SA,2023-01-16,14.960000038146973,15.5,14.899999618530273,15.489999771118164,1511600,14.53115177154541,0.0,0,0
147,CSMG3.SA,2023-01-17,15.460000038146973,15.569999694824219,14.960000038146973,15.100000381469727,1476000,14.16529369354248,0.0,1,0
148,CSMG3.SA,2023-01-18,14.930000305175781,15.270000457763672,14.930000305175781,15.239999771118164,3513800,14.296627044677734,0.0,2,0
149,CSMG3.SA,2023-01-19,15.210000038146973,15.220000267028809,14.25,14.3100004196167,2837000,13.424195289611816,0.0,3,0
150,CSMG3.SA,2023-01-22,14.3100004196167,14.40999984741211,14.09000015258789,14.09000015258789,1117600,13.217813491821289,0.0,6,0
151,CSMG3.SA,2023-01-23,14.0600004196167,14.420000076293945,14.020000457763672,14.350000381469727,1263400,13.461719512939453,0.0,0,0
152,CSMG3.SA,2023-01-24,14.4399995803833,14.65999984741211,14.34000015258789,14.5,1774200,13.602434158325195,0.0,1,0
153,CSMG3.SA,2023-01-25,14.710000038146973,14.710000038146973,14.25,14.510000228881836,2228200,13.611815452575684,0.0,2,0
154,CSMG3.SA,2023-01-26,14.510000228881836,14.699999809265137,14.380000114440918,14.420000076293945,724500,13.527386665344238,0.0,3,0
155,CSMG3.SA,2023-01-29,14.479999542236328,14.789999961853027,14.470000267028809,14.520000457763672,2097300,13.621196746826172,0.0,6,0
156,CSMG3.SA,2023-01-30,14.520000457763672,14.979999542236328,14.5,14.640000343322754,1981000,13.733768463134766,0.0,0,0
157,CSMG3.SA,2023-01-31,14.649999618530273,14.970000267028809,14.520000457763672,14.819999694824219,1250000,13.90262508392334,0.0,1,0
158,CSMG3.SA,2023-02-01,14.720000267028809,15.0600004196167,14.640000343322754,14.779999732971191,1460800,13.86510181427002,0.0,2,0
159,CSMG3.SA,2023-02-02,14.729999542236328,14.770000457763672,14.229999542236328,14.3100004196167,1380200,13.424195289611816,0.0,3,0
160,CSMG3.SA,2023-02-05,14.1899995803833,14.390000343322754,14.130000114440918,14.380000114440918,726900,13.489862442016602,0.0,6,0
161,CSMG3.SA,2023-02-06,14.380000114440918,14.550000190734863,14.140000343322754,14.390000343322754,2420300,13.49924373626709,0.0,0,0
162,CSMG3.SA,2023-02-07,14.5,14.609999656677246,14.180000305175781,14.40999984741211,3358600,13.51800537109375,0.0,1,0
163,CSMG3.SA,2023-02-08,14.420000076293945,14.449999809265137,14.09000015258789,14.140000343322754,641400,13.264719009399414,0.0,2,0
164,CSMG3.SA,2023-02-09,14.029999732971191,14.229999542236328,13.779999732971191,14.0,2516400,13.133384704589844,0.0,3,0
165,CSMG3.SA,2023-02-12,14.0,14.399999618530273,14.0,14.270000457763672,632300,13.386672019958496,0.0,6,0
166,CSMG3.SA,2023-02-13,14.270000457763672,14.729999542236328,14.1899995803833,14.619999885559082,1941900,13.715005874633789,0.0,0,0
167,CSMG3.SA,2023-02-14,14.5,14.720000267028809,14.350000381469727,14.550000190734863,755200,13.64933967590332,0.0,1,0
168,CSMG3.SA,2023-02-15,14.510000228881836,14.579999923706055,14.220000267028809,14.520000457763672,859400,13.621196746826172,0.0,2,0
169,CSMG3.SA,2023-02-16,14.479999542236328,14.770000457763672,14.260000228881836,14.65999984741211,1416200,13.752530097961426,0.0,3,0
170,CSMG3.SA,2023-02-21,14.5600004196167,14.779999732971191,14.3100004196167,14.699999809265137,923900,13.790053367614746,0.0,1,0
171,CSMG3.SA,2023-02-22,14.680000305175781,14.680000305175781,14.180000305175781,14.399999618530273,3220000,13.508624076843262,0.0,2,0
172,CSMG3.SA,2023-02-23,14.399999618530273,14.84000015258789,14.300000190734863,14.8100004196167,2774900,13.893244743347168,0.0,3,0
173,CSMG3.SA,2023-02-26,14.890000343322754,15.489999771118164,14.850000381469727,14.920000076293945,2239400,13.99643611907959,0.0,6,0
174,CSMG3.SA,2023-02-27,15.010000228881836,15.010000228881836,14.220000267028809,14.220000267028809,3793900,13.339766502380371,0.0,0,0
175,CSMG3.SA,2023-02-28,14.8100004196167,15.449999809265137,14.739999771118164,15.069999694824219,4624900,14.137149810791016,0.0,1,0
176,CSMG3.SA,2023-03-01,15.069999694824219,15.170000076293945,14.90999984741211,14.949999809265137,911800,14.024578094482422,0.0,2,0
177,CSMG3.SA,2023-03-02,15.010000228881836,15.069999694824219,14.710000038146973,14.789999961853027,969100,13.874483108520508,0.0,3,0
178,CSMG3.SA,2023-03-05,14.770000457763672,14.90999984741211,14.65999984741211,14.850000381469727,1126500,13.930768966674805,0.0,6,0
179,CSMG3.SA,2023-03-06,14.880000114440918,15.0,14.739999771118164,14.970000267028809,1491800,14.043340682983398,0.0,0,0
180,CSMG3.SA,2023-03-07,14.970000267028809,15.1899995803833,14.869999885559082,15.1899995803833,1258900,14.249722480773926,0.0,1,0
181,CSMG3.SA,2023-03-08,15.170000076293945,15.25,14.779999732971191,15.079999923706055,2584600,14.146531105041504,0.0,2,0
182,CSMG3.SA,2023-03-09,15.079999923706055,15.149999618530273,14.699999809265137,15.050000190734863,2321200,14.118389129638672,0.0,3,0
183,CSMG3.SA,2023-03-12,14.890000343322754,15.869999885559082,14.880000114440918,15.619999885559082,4011900,14.653104782104492,0.0,6,0
184,CSMG3.SA,2023-03-13,15.619999885559082,16.190000534057617,15.619999885559082,16.079999923706055,2213100,15.084630012512207,0.0,0,0
185,CSMG3.SA,2023-03-14,15.770000457763672,16.450000762939453,15.770000457763672,16.290000915527344,4767100,15.281632423400879,0.0,1,0
186,CSMG3.SA,2023-03-15,16.360000610351562,16.360000610351562,15.930000305175781,15.949999809265137,1885700,14.962677001953125,0.0,2,0
187,CSMG3.SA,2023-03-16,15.800000190734863,16.600000381469727,15.739999771118164,15.760000228881836,12738500,14.784439086914062,0.0,3,0
188,CSMG3.SA,2023-03-19,16.139999389648438,16.270000457763672,15.350000381469727,15.479999542236328,2287000,14.521770477294922,0.0,6,0
189,CSMG3.SA,2023-03-20,15.579999923706055,15.579999923706055,15.079999923706055,15.270000457763672,5111000,14.3247709274292,0.0,0,0
190,CSMG3.SA,2023-03-21,15.470000267028809,16.270000457763672,15.420000076293945,16.059999465942383,5622300,15.065868377685547,0.0,1,0
191,CSMG3.SA,2023-03-22,15.0600004196167,15.710000038146973,15.020000457763672,15.170000076293945,3706200,15.170000076293945,0.994132,2,0
192,CSMG3.SA,2023-03-23,15.180000305175781,15.649999618530273,14.829999923706055,15.609999656677246,2541000,15.609999656677246,0.0,3,0
193,CSMG3.SA,2023-03-26,15.670000076293945,15.989999771118164,15.5600004196167,15.84000015258789,1653300,15.84000015258789,0.0,6,0
194,CSMG3.SA,2023-03-27,15.84000015258789,15.970000267028809,15.399999618530273,15.5600004196167,3428500,15.5600004196167,0.0,0,0
195,CSMG3.SA,2023-03-28,15.6899995803833,15.6899995803833,15.180000305175781,15.520000457763672,2728700,15.520000457763672,0.0,1,0
196,CSMG3.SA,2023-03-29,15.609999656677246,15.880000114440918,15.569999694824219,15.880000114440918,2259700,15.880000114440918,0.0,2,0
197,CSMG3.SA,2023-03-30,15.84000015258789,15.84000015258789,15.479999542236328,15.729999542236328,1696600,15.729999542236328,0.0,3,0
198,CSMG3.SA,2023-04-02,15.84000015258789,16.170000076293945,15.619999885559082,16.09000015258789,2609800,16.09000015258789,0.0,6,0
199,CSMG3.SA,2023-04-03,16.09000015258789,16.790000915527344,16.06999969482422,16.639999389648438,2201500,16.639999389648438,0.0,0,0
200,CSMG3.SA,2023-04-04,16.489999771118164,16.510000228881836,15.960000038146973,16.209999084472656,2070700,16.209999084472656,0.0,1,0
201,CSMG3.SA,2023-04-05,16.209999084472656,16.610000610351562,16.200000762939453,16.559999465942383,2319200,16.559999465942383,0.0,2,0
202,CSMG3.SA,2023-04-09,16.559999465942383,16.8799991607666,16.350000381469727,16.75,2234400,16.75,0.0,6,0
203,CSMG3.SA,2023-04-10,16.760000228881836,17.049999237060547,16.360000610351562,16.56999969482422,2420100,16.56999969482422,0.0,0,0
204,CSMG3.SA,2023-04-11,16.43000030517578,16.489999771118164,16.1200008392334,16.25,2147900,16.25,0.0,1,0
205,CSMG3.SA,2023-04-12,16.280000686645508,16.860000610351562,16.229999542236328,16.850000381469727,3058700,16.850000381469727,0.0,2,0
206,CSMG3.SA,2023-04-13,16.790000915527344,16.790000915527344,16.110000610351562,16.280000686645508,1566400,16.280000686645508,0.0,3,0
207,CSMG3.SA,2023-04-16,16.299999237060547,16.75,16.200000762939453,16.700000762939453,2427600,16.700000762939453,0.0,6,0
208,CSMG3.SA,2023-04-17,16.8700008392334,17.25,16.459999084472656,16.59000015258789,2703300,16.59000015258789,0.0,0,0
209,CSMG3.SA,2023-04-18,16.469999313354492,16.6299991607666,16.260000228881836,16.43000030517578,1894200,16.43000030517578,0.0,1,0
210,CSMG3.SA,2023-04-19,16.5,16.530000686645508,16.309999465942383,16.469999313354492,1567800,16.469999313354492,0.0,2,0
211,CSMG3.SA,2023-04-23,16.299999237060547,16.530000686645508,16.299999237060547,16.399999618530273,888800,16.399999618530273,0.0,6,0
212,CSMG3.SA,2023-04-24,16.40999984741211,16.440000534057617,15.960000038146973,16.389999389648438,1638500,16.389999389648438,0.0,0,0
213,CSMG3.SA,2023-04-25,16.280000686645508,16.579999923706055,16.239999771118164,16.5,1205900,16.5,0.0,1,0
214,CSMG3.SA,2023-04-26,16.450000762939453,17.079999923706055,16.350000381469727,16.940000534057617,2870400,16.940000534057617,0.0,2,0
215,CSMG3.SA,2023-04-27,16.90999984741211,17.149999618530273,16.520000457763672,17.040000915527344,2515900,17.040000915527344,0.0,3,0
216,CSMG3.SA,2023-05-01,17.040000915527344,17.170000076293945,16.719999313354492,17.079999923706055,2048100,17.079999923706055,0.0,0,0
217,CSMG3.SA,2023-05-02,17.190000534057617,17.520000457763672,16.969999313354492,17.260000228881836,2334200,17.260000228881836,0.0,1,0
218,CSMG3.SA,2023-05-03,17.059999465942383,18.06999969482422,17.049999237060547,17.920000076293945,3058300,17.920000076293945,0.0,2,0
219,CSMG3.SA,2023-05-04,17.989999771118164,18.040000915527344,17.65999984741211,17.979999542236328,1366500,17.979999542236328,0.0,3,0
220,CSMG3.SA,2023-05-07,17.979999542236328,18.049999237060547,17.719999313354492,17.780000686645508,1707600,17.780000686645508,0.0,6,0
221,CSMG3.SA,2023-05-08,17.75,17.889999389648438,17.579999923706055,17.799999237060547,2244000,17.799999237060547,0.0,0,0
222,CSMG3.SA,2023-05-09,17.799999237060547,18.299999237060547,17.700000762939453,18.299999237060547,2834600,18.299999237060547,0.0,1,0
223,CSMG3.SA,2023-05-10,18.170000076293945,18.850000381469727,17.90999984741211,18.479999542236328,3581600,18.479999542236328,0.0,2,0
224,CSMG3.SA,2023-05-11,18.299999237060547,18.780000686645508,18.290000915527344,18.649999618530273,1425300,18.649999618530273,0.0,3,0
225,CSMG3.SA,2023-05-14,18.649999618530273,19.719999313354492,18.540000915527344,19.600000381469727,3801400,19.600000381469727,0.0,6,0
226,CSMG3.SA,2023-05-15,19.649999618530273,19.959999084472656,19.559999465942383,19.59000015258789,1758400,19.59000015258789,0.0,0,0
227,CSMG3.SA,2023-05-16,19.75,19.969999313354492,19.450000762939453,19.56999969482422,1422600,19.56999969482422,0.0,1,0
228,CSMG3.SA,2023-05-17,19.510000228881836,19.780000686645508,19.200000762939453,19.649999618530273,1980200,19.649999618530273,0.0,2,0
229,CSMG3.SA,2023-05-18,19.690000534057617,19.979999542236328,19.5,19.799999237060547,1720500,19.799999237060547,0.0,3,0
230,CSMG3.SA,2023-05-21,19.739999771118164,19.950000762939453,19.5,19.809999465942383,1638000,19.809999465942383,0.0,6,0
231,CSMG3.SA,2023-05-22,19.950000762939453,19.950000762939453,19.5,19.610000610351562,1624100,19.610000610351562,0.0,0,0
232,CSMG3.SA,2023-05-23,19.610000610351562,19.829999923706055,19.299999237060547,19.719999313354492,2256800,19.719999313354492,0.0,1,0
233,CSMG3.SA,2023-05-24,19.899999618530273,20.18000030517578,19.600000381469727,19.989999771118164,3144600,19.989999771118164,0.0,2,0
234,CSMG3.SA,2023-05-25,20.0,20.3799991607666,19.979999542236328,20.229999542236328,1766500,20.229999542236328,0.0,3,0
235,CSMG3.SA,2023-05-28,20.1299991607666,20.299999237060547,20.0,20.100000381469727,1292400,20.100000381469727,0.0,6,0
236,CSMG3.SA,2023-05-29,20.049999237060547,20.3799991607666,19.950000762939453,20.030000686645508,1418600,20.030000686645508,0.0,0,0
237,CSMG3.SA,2023-05-30,20.020000457763672,20.020000457763672,19.719999313354492,19.940000534057617,1993300,19.940000534057617,0.0,1,0
238,CSMG3.SA,2023-05-31,20.0,20.200000762939453,19.65999984741211,20.09000015258789,1433400,20.09000015258789,0.0,2,0
239,CSMG3.SA,2023-06-01,20.270000457763672,20.649999618530273,20.1299991607666,20.18000030517578,2327100,20.18000030517578,0.0,3,0
240,CSMG3.SA,2023-06-04,20.149999618530273,20.440000534057617,19.81999969482422,19.989999771118164,1918300,19.989999771118164,0.0,6,0
241,CSMG3.SA,2023-06-05,20.1200008392334,20.469999313354492,19.959999084472656,20.299999237060547,2918300,20.299999237060547,0.0,0,0
242,CSMG3.SA,2023-06-06,20.25,20.530000686645508,19.889999389648438,19.90999984741211,2171100,19.90999984741211,0.0,1,0
243,CSMG3.SA,2023-06-08,19.920000076293945,20.420000076293945,19.90999984741211,20.31999969482422,1332500,20.31999969482422,0.0,3,0
244,CSMG3.SA,2023-06-11,20.239999771118164,20.520000457763672,20.0,20.420000076293945,1537700,20.420000076293945,0.0,6,0
245,CSMG3.SA,2023-06-12,20.399999618530273,20.40999984741211,19.309999465942383,19.600000381469727,2379100,19.600000381469727,0.0,0,0
246,CSMG3.SA,2023-06-13,19.639999389648438,20.68000030517578,19.600000381469727,20.459999084472656,3548200,20.459999084472656,0.0,1,0
247,CSMG3.SA,2023-06-14,20.399999618530273,20.610000610351562,20.149999618530273,20.420000076293945,1092900,20.420000076293945,0.0,2,0
248,CSMG3.SA,2023-06-15,20.309999465942383,20.399999618530273,20.1200008392334,20.15999984741211,1876600,20.15999984741211,0.0,3,0
249,CSMG3.SA,2023-06-19,20.25,20.489999771118164,20.049999237060547,20.350000381469727,733500,20.350000381469727,0.0,0,0
