,symbol,date,open,high,low,close,volume,adjclose,splits,weekday,dividends
0,ESTR4.SA,2022-06-20,5.300000190734863,5.300000190734863,5.300000190734863,5.300000190734863,0,5.300000190734863,0.0,0,0
1,ESTR4.SA,2022-06-21,5.300000190734863,5.300000190734863,5.300000190734863,5.300000190734863,0,5.300000190734863,0.0,1,0
2,ESTR4.SA,2022-06-22,5.300000190734863,5.300000190734863,5.300000190734863,5.300000190734863,0,5.300000190734863,0.0,2,0
3,ESTR4.SA,2022-06-23,5.300000190734863,5.300000190734863,5.300000190734863,5.300000190734863,0,5.300000190734863,0.0,3,0
4,ESTR4.SA,2022-06-24,5.300000190734863,5.300000190734863,5.300000190734863,5.300000190734863,0,5.300000190734863,0.0,4,0
5,ESTR4.SA,2022-06-27,5.300000190734863,5.300000190734863,5.300000190734863,5.300000190734863,0,5.300000190734863,0.0,0,0
6,ESTR4.SA,2022-06-28,5.300000190734863,5.300000190734863,5.300000190734863,5.300000190734863,0,5.300000190734863,0.0,1,0
7,ESTR4.SA,2022-06-29,5.300000190734863,5.300000190734863,5.300000190734863,5.300000190734863,0,5.300000190734863,0.0,2,0
8,ESTR4.SA,2022-06-30,5.300000190734863,5.300000190734863,5.300000190734863,5.300000190734863,0,5.300000190734863,0.0,3,0
9,ESTR4.SA,2022-07-01,5.300000190734863,5.300000190734863,5.300000190734863,5.300000190734863,0,5.300000190734863,0.0,4,0
10,ESTR4.SA,2022-07-04,5.300000190734863,5.300000190734863,5.300000190734863,5.300000190734863,0,5.300000190734863,0.0,0,0
11,ESTR4.SA,2022-07-05,5.300000190734863,5.300000190734863,5.300000190734863,5.300000190734863,0,5.300000190734863,0.0,1,0
12,ESTR4.SA,2022-07-06,5.300000190734863,5.300000190734863,5.300000190734863,5.300000190734863,0,5.300000190734863,0.0,2,0
13,ESTR4.SA,2022-07-07,5.300000190734863,5.300000190734863,5.300000190734863,5.300000190734863,0,5.300000190734863,0.0,3,0
14,ESTR4.SA,2022-07-08,5.300000190734863,5.300000190734863,5.300000190734863,5.300000190734863,0,5.300000190734863,0.0,4,0
15,ESTR4.SA,2022-07-11,5.300000190734863,5.300000190734863,5.300000190734863,5.300000190734863,0,5.300000190734863,0.0,0,0
16,ESTR4.SA,2022-07-12,5.300000190734863,5.300000190734863,5.300000190734863,5.300000190734863,0,5.300000190734863,0.0,1,0
17,ESTR4.SA,2022-07-13,5.300000190734863,5.300000190734863,5.300000190734863,5.300000190734863,0,5.300000190734863,0.0,2,0
18,ESTR4.SA,2022-07-14,5.300000190734863,5.300000190734863,5.300000190734863,5.300000190734863,0,5.300000190734863,0.0,3,0
19,ESTR4.SA,2022-07-15,5.300000190734863,5.300000190734863,5.300000190734863,5.300000190734863,0,5.300000190734863,0.0,4,0
20,ESTR4.SA,2022-07-18,5.300000190734863,5.300000190734863,5.300000190734863,5.300000190734863,0,5.300000190734863,0.0,0,0
21,ESTR4.SA,2022-07-19,5.300000190734863,5.300000190734863,5.300000190734863,5.300000190734863,0,5.300000190734863,0.0,1,0
22,ESTR4.SA,2022-07-20,5.300000190734863,5.300000190734863,5.300000190734863,5.300000190734863,0,5.300000190734863,0.0,2,0
23,ESTR4.SA,2022-07-21,5.300000190734863,5.300000190734863,5.300000190734863,5.300000190734863,0,5.300000190734863,0.0,3,0
24,ESTR4.SA,2022-07-22,5.300000190734863,5.300000190734863,5.300000190734863,5.300000190734863,0,5.300000190734863,0.0,4,0
25,ESTR4.SA,2022-07-25,5.300000190734863,5.300000190734863,5.300000190734863,5.300000190734863,0,5.300000190734863,0.0,0,0
26,ESTR4.SA,2022-07-26,5.300000190734863,5.300000190734863,5.300000190734863,5.300000190734863,0,5.300000190734863,0.0,1,0
27,ESTR4.SA,2022-07-27,5.300000190734863,5.300000190734863,5.300000190734863,5.300000190734863,0,5.300000190734863,0.0,2,0
28,ESTR4.SA,2022-07-28,5.300000190734863,5.300000190734863,5.300000190734863,5.300000190734863,0,5.300000190734863,0.0,3,0
29,ESTR4.SA,2022-07-29,5.300000190734863,5.300000190734863,5.300000190734863,5.300000190734863,0,5.300000190734863,0.0,4,0
30,ESTR4.SA,2022-08-01,5.300000190734863,5.300000190734863,5.300000190734863,5.300000190734863,0,5.300000190734863,0.0,0,0
31,ESTR4.SA,2022-08-02,5.300000190734863,5.300000190734863,5.300000190734863,5.300000190734863,0,5.300000190734863,0.0,1,0
32,ESTR4.SA,2022-08-03,5.300000190734863,5.300000190734863,5.300000190734863,5.300000190734863,0,5.300000190734863,0.0,2,0
33,ESTR4.SA,2022-08-04,5.300000190734863,5.300000190734863,5.300000190734863,5.300000190734863,0,5.300000190734863,0.0,3,0
34,ESTR4.SA,2022-08-05,5.300000190734863,5.300000190734863,5.300000190734863,5.300000190734863,0,5.300000190734863,0.0,4,0
35,ESTR4.SA,2022-08-08,5.300000190734863,5.300000190734863,5.300000190734863,5.300000190734863,0,5.300000190734863,0.0,0,0
36,ESTR4.SA,2022-08-09,5.300000190734863,5.300000190734863,5.300000190734863,5.300000190734863,0,5.300000190734863,0.0,1,0
37,ESTR4.SA,2022-08-10,5.300000190734863,5.300000190734863,5.300000190734863,5.300000190734863,0,5.300000190734863,0.0,2,0
38,ESTR4.SA,2022-08-11,4.949999809265137,4.949999809265137,4.949999809265137,4.949999809265137,6000,4.949999809265137,0.0,3,0
39,ESTR4.SA,2022-08-12,4.949999809265137,4.949999809265137,4.949999809265137,4.949999809265137,0,4.949999809265137,0.0,4,0
40,ESTR4.SA,2022-08-15,4.949999809265137,4.949999809265137,4.949999809265137,4.949999809265137,0,4.949999809265137,0.0,0,0
41,ESTR4.SA,2022-08-16,4.949999809265137,4.949999809265137,4.949999809265137,4.949999809265137,0,4.949999809265137,0.0,1,0
42,ESTR4.SA,2022-08-17,4.949999809265137,4.949999809265137,4.949999809265137,4.949999809265137,0,4.949999809265137,0.0,2,0
43,ESTR4.SA,2022-08-18,4.949999809265137,4.949999809265137,4.949999809265137,4.949999809265137,0,4.949999809265137,0.0,3,0
44,ESTR4.SA,2022-08-19,4.949999809265137,4.949999809265137,4.949999809265137,4.949999809265137,0,4.949999809265137,0.0,4,0
45,ESTR4.SA,2022-08-22,4.949999809265137,4.949999809265137,4.949999809265137,4.949999809265137,0,4.949999809265137,0.0,0,0
46,ESTR4.SA,2022-08-23,4.499000072479248,4.553999900817871,4.499000072479248,4.553999900817871,3000,4.553999900817871,0.0,1,0
47,ESTR4.SA,2022-08-24,4.553999900817871,4.553999900817871,4.553999900817871,4.553999900817871,0,4.553999900817871,0.0,2,0
48,ESTR4.SA,2022-08-25,4.499000072479248,4.499000072479248,4.499000072479248,4.499000072479248,1000,4.499000072479248,0.0,3,0
49,ESTR4.SA,2022-08-26,4.499000072479248,4.499000072479248,4.499000072479248,4.499000072479248,0,4.499000072479248,0.0,4,0
50,ESTR4.SA,2022-08-29,4.499000072479248,4.499000072479248,4.499000072479248,4.499000072479248,0,4.499000072479248,0.0,0,0
51,ESTR4.SA,2022-08-30,4.499000072479248,4.499000072479248,4.499000072479248,4.499000072479248,0,4.499000072479248,0.0,1,0
52,ESTR4.SA,2022-08-31,4.499000072479248,4.499000072479248,4.499000072479248,4.499000072479248,0,4.499000072479248,0.0,2,0
53,ESTR4.SA,2022-09-01,4.019999980926514,4.019999980926514,4.019999980926514,4.019999980926514,5000,4.019999980926514,0.0,3,0
54,ESTR4.SA,2022-09-02,4.019999980926514,4.019999980926514,4.019999980926514,4.019999980926514,2000,4.019999980926514,0.0,4,0
55,ESTR4.SA,2022-09-05,4.019999980926514,4.019999980926514,4.019999980926514,4.019999980926514,0,4.019999980926514,0.0,0,0
56,ESTR4.SA,2022-09-06,4.019999980926514,4.019999980926514,4.019999980926514,4.019999980926514,4000,4.019999980926514,0.0,1,0
57,ESTR4.SA,2022-09-08,4.019999980926514,4.019999980926514,4.019999980926514,4.019999980926514,1000,4.019999980926514,0.0,3,0
58,ESTR4.SA,2022-09-09,4.019999980926514,4.019999980926514,4.019999980926514,4.019999980926514,0,4.019999980926514,0.0,4,0
59,ESTR4.SA,2022-09-12,3.990000009536743,3.990000009536743,3.990000009536743,3.990000009536743,5000,3.990000009536743,0.0,0,0
60,ESTR4.SA,2022-09-13,3.990000009536743,3.990000009536743,3.990000009536743,3.990000009536743,0,3.990000009536743,0.0,1,0
61,ESTR4.SA,2022-09-14,3.990000009536743,3.990000009536743,3.990000009536743,3.990000009536743,0,3.990000009536743,0.0,2,0
62,ESTR4.SA,2022-09-15,3.990000009536743,3.990000009536743,3.990000009536743,3.990000009536743,5000,3.990000009536743,0.0,3,0
63,ESTR4.SA,2022-09-16,3.990000009536743,3.990000009536743,3.990000009536743,3.990000009536743,0,3.990000009536743,0.0,4,0
64,ESTR4.SA,2022-09-19,3.990000009536743,3.990000009536743,3.990000009536743,3.990000009536743,0,3.990000009536743,0.0,0,0
65,ESTR4.SA,2022-09-20,3.990000009536743,3.990000009536743,3.990000009536743,3.990000009536743,0,3.990000009536743,0.0,1,0
66,ESTR4.SA,2022-09-21,3.990000009536743,3.990000009536743,3.990000009536743,3.990000009536743,0,3.990000009536743,0.0,2,0
67,ESTR4.SA,2022-09-22,3.990000009536743,3.990000009536743,3.990000009536743,3.990000009536743,0,3.990000009536743,0.0,3,0
68,ESTR4.SA,2022-09-23,3.990000009536743,3.990000009536743,3.990000009536743,3.990000009536743,0,3.990000009536743,0.0,4,0
69,ESTR4.SA,2022-09-26,3.990000009536743,3.990000009536743,3.990000009536743,3.990000009536743,0,3.990000009536743,0.0,0,0
70,ESTR4.SA,2022-09-27,4.5,4.5,4.5,4.5,1000,4.5,0.0,1,0
71,ESTR4.SA,2022-09-28,4.5,4.5,4.5,4.5,0,4.5,0.0,2,0
72,ESTR4.SA,2022-09-29,4.099999904632568,4.300000190734863,4.099999904632568,4.300000190734863,6000,4.300000190734863,0.0,3,0
73,ESTR4.SA,2022-09-30,4.300000190734863,4.300000190734863,4.300000190734863,4.300000190734863,0,4.300000190734863,0.0,4,0
74,ESTR4.SA,2022-10-03,4.400000095367432,4.400000095367432,4.400000095367432,4.400000095367432,4000,4.400000095367432,0.0,0,0
75,ESTR4.SA,2022-10-04,4.400000095367432,4.400000095367432,4.400000095367432,4.400000095367432,0,4.400000095367432,0.0,1,0
76,ESTR4.SA,2022-10-05,4.400000095367432,4.400000095367432,4.400000095367432,4.400000095367432,4000,4.400000095367432,0.0,2,0
77,ESTR4.SA,2022-10-06,4.400000095367432,4.400000095367432,4.400000095367432,4.400000095367432,0,4.400000095367432,0.0,3,0
78,ESTR4.SA,2022-10-07,4.400000095367432,4.400000095367432,4.400000095367432,4.400000095367432,0,4.400000095367432,0.0,4,0
79,ESTR4.SA,2022-10-10,4.400000095367432,4.400000095367432,4.400000095367432,4.400000095367432,0,4.400000095367432,0.0,0,0
80,ESTR4.SA,2022-10-11,4.400000095367432,4.400000095367432,4.400000095367432,4.400000095367432,0,4.400000095367432,0.0,1,0
81,ESTR4.SA,2022-10-13,4.400000095367432,4.400000095367432,4.400000095367432,4.400000095367432,0,4.400000095367432,0.0,3,0
82,ESTR4.SA,2022-10-14,4.400000095367432,4.400000095367432,4.400000095367432,4.400000095367432,0,4.400000095367432,0.0,4,0
83,ESTR4.SA,2022-10-17,4.400000095367432,4.400000095367432,4.400000095367432,4.400000095367432,0,4.400000095367432,0.0,0,0
84,ESTR4.SA,2022-10-18,4.400000095367432,4.400000095367432,4.400000095367432,4.400000095367432,0,4.400000095367432,0.0,1,0
85,ESTR4.SA,2022-10-19,4.400000095367432,4.400000095367432,4.400000095367432,4.400000095367432,0,4.400000095367432,0.0,2,0
86,ESTR4.SA,2022-10-20,4.400000095367432,4.400000095367432,4.400000095367432,4.400000095367432,0,4.400000095367432,0.0,3,0
87,ESTR4.SA,2022-10-21,4.400000095367432,4.400000095367432,4.400000095367432,4.400000095367432,0,4.400000095367432,0.0,4,0
88,ESTR4.SA,2022-10-24,4.400000095367432,4.400000095367432,4.400000095367432,4.400000095367432,0,4.400000095367432,0.0,0,0
89,ESTR4.SA,2022-10-25,4.400000095367432,4.400000095367432,4.400000095367432,4.400000095367432,0,4.400000095367432,0.0,1,0
90,ESTR4.SA,2022-10-26,4.400000095367432,4.400000095367432,4.400000095367432,4.400000095367432,0,4.400000095367432,0.0,2,0
91,ESTR4.SA,2022-10-27,4.400000095367432,4.400000095367432,4.400000095367432,4.400000095367432,0,4.400000095367432,0.0,3,0
92,ESTR4.SA,2022-10-28,4.400000095367432,4.400000095367432,4.400000095367432,4.400000095367432,0,4.400000095367432,0.0,4,0
93,ESTR4.SA,2022-10-31,4.400000095367432,4.400000095367432,4.400000095367432,4.400000095367432,1000,4.400000095367432,0.0,0,0
94,ESTR4.SA,2022-11-01,4.400000095367432,4.400000095367432,4.400000095367432,4.400000095367432,4000,4.400000095367432,0.0,1,0
95,ESTR4.SA,2022-11-03,4.001999855041504,4.001999855041504,4.001999855041504,4.001999855041504,5000,4.001999855041504,0.0,3,0
96,ESTR4.SA,2022-11-04,4.001999855041504,4.001999855041504,4.001999855041504,4.001999855041504,0,4.001999855041504,0.0,4,0
97,ESTR4.SA,2022-11-07,4.001999855041504,4.001999855041504,4.001999855041504,4.001999855041504,0,4.001999855041504,0.0,0,0
98,ESTR4.SA,2022-11-08,3.999000072479248,3.999000072479248,3.999000072479248,3.999000072479248,5000,3.999000072479248,0.0,1,0
99,ESTR4.SA,2022-11-09,3.999000072479248,3.999000072479248,3.999000072479248,3.999000072479248,0,3.999000072479248,0.0,2,0
100,ESTR4.SA,2022-11-10,3.999000072479248,3.999000072479248,3.999000072479248,3.999000072479248,0,3.999000072479248,0.0,3,0
101,ESTR4.SA,2022-11-11,3.999000072479248,3.999000072479248,3.999000072479248,3.999000072479248,0,3.999000072479248,0.0,4,0
102,ESTR4.SA,2022-11-14,3.999000072479248,3.999000072479248,3.999000072479248,3.999000072479248,0,3.999000072479248,0.0,0,0
103,ESTR4.SA,2022-11-16,3.999000072479248,3.999000072479248,3.999000072479248,3.999000072479248,0,3.999000072479248,0.0,2,0
104,ESTR4.SA,2022-11-17,3.999000072479248,3.999000072479248,3.999000072479248,3.999000072479248,0,3.999000072479248,0.0,3,0
105,ESTR4.SA,2022-11-18,3.999000072479248,3.999000072479248,3.999000072479248,3.999000072479248,0,3.999000072479248,0.0,4,0
106,ESTR4.SA,2022-11-21,3.999000072479248,3.999000072479248,3.999000072479248,3.999000072479248,0,3.999000072479248,0.0,0,0
107,ESTR4.SA,2022-11-22,3.999000072479248,3.999000072479248,3.999000072479248,3.999000072479248,0,3.999000072479248,0.0,1,0
108,ESTR4.SA,2022-11-23,3.999000072479248,3.999000072479248,3.999000072479248,3.999000072479248,0,3.999000072479248,0.0,2,0
109,ESTR4.SA,2022-11-24,3.999000072479248,3.999000072479248,3.999000072479248,3.999000072479248,0,3.999000072479248,0.0,3,0
110,ESTR4.SA,2022-11-25,3.999000072479248,3.999000072479248,3.999000072479248,3.999000072479248,0,3.999000072479248,0.0,4,0
111,ESTR4.SA,2022-11-28,3.999000072479248,3.999000072479248,3.999000072479248,3.999000072479248,0,3.999000072479248,0.0,0,0
112,ESTR4.SA,2022-11-29,3.999000072479248,3.999000072479248,3.999000072479248,3.999000072479248,0,3.999000072479248,0.0,1,0
113,ESTR4.SA,2022-11-30,3.999000072479248,3.999000072479248,3.999000072479248,3.999000072479248,0,3.999000072479248,0.0,2,0
114,ESTR4.SA,2022-12-01,3.999000072479248,3.999000072479248,3.999000072479248,3.999000072479248,5000,3.999000072479248,0.0,3,0
115,ESTR4.SA,2022-12-02,3.999000072479248,3.999000072479248,3.999000072479248,3.999000072479248,0,3.999000072479248,0.0,4,0
116,ESTR4.SA,2022-12-05,3.999000072479248,3.999000072479248,3.999000072479248,3.999000072479248,0,3.999000072479248,0.0,0,0
117,ESTR4.SA,2022-12-06,3.999000072479248,3.999000072479248,3.999000072479248,3.999000072479248,5000,3.999000072479248,0.0,1,0
118,ESTR4.SA,2022-12-07,3.999000072479248,3.999000072479248,3.999000072479248,3.999000072479248,0,3.999000072479248,0.0,2,0
119,ESTR4.SA,2022-12-08,3.999000072479248,3.999000072479248,3.999000072479248,3.999000072479248,0,3.999000072479248,0.0,3,0
120,ESTR4.SA,2022-12-09,3.999000072479248,3.999000072479248,3.999000072479248,3.999000072479248,0,3.999000072479248,0.0,4,0
121,ESTR4.SA,2022-12-12,3.999000072479248,3.999000072479248,3.999000072479248,3.999000072479248,0,3.999000072479248,0.0,0,0
122,ESTR4.SA,2022-12-13,3.999000072479248,3.999000072479248,3.999000072479248,3.999000072479248,0,3.999000072479248,0.0,1,0
123,ESTR4.SA,2022-12-14,3.999000072479248,3.999000072479248,3.999000072479248,3.999000072479248,0,3.999000072479248,0.0,2,0
124,ESTR4.SA,2022-12-15,3.999000072479248,3.999000072479248,3.999000072479248,3.999000072479248,0,3.999000072479248,0.0,3,0
125,ESTR4.SA,2022-12-16,3.999000072479248,3.999000072479248,3.999000072479248,3.999000072479248,0,3.999000072479248,0.0,4,0
126,ESTR4.SA,2022-12-19,3.999000072479248,3.999000072479248,3.999000072479248,3.999000072479248,0,3.999000072479248,0.0,0,0
127,ESTR4.SA,2022-12-20,3.999000072479248,3.999000072479248,3.999000072479248,3.999000072479248,0,3.999000072479248,0.0,1,0
128,ESTR4.SA,2022-12-21,3.999000072479248,3.999000072479248,3.999000072479248,3.999000072479248,0,3.999000072479248,0.0,2,0
129,ESTR4.SA,2022-12-22,3.999000072479248,3.999000072479248,3.999000072479248,3.999000072479248,0,3.999000072479248,0.0,3,0
130,ESTR4.SA,2022-12-23,3.999000072479248,3.999000072479248,3.999000072479248,3.999000072479248,0,3.999000072479248,0.0,4,0
131,ESTR4.SA,2022-12-26,3.999000072479248,3.999000072479248,3.999000072479248,3.999000072479248,0,3.999000072479248,0.0,0,0
132,ESTR4.SA,2022-12-27,3.999000072479248,3.999000072479248,3.999000072479248,3.999000072479248,0,3.999000072479248,0.0,1,0
133,ESTR4.SA,2022-12-28,3.999000072479248,3.999000072479248,3.999000072479248,3.999000072479248,0,3.999000072479248,0.0,2,0
134,ESTR4.SA,2022-12-29,3.999000072479248,3.999000072479248,3.999000072479248,3.999000072479248,0,3.999000072479248,0.0,3,0
135,ESTR4.SA,2023-01-02,3.999000072479248,3.999000072479248,3.999000072479248,3.999000072479248,5000,3.999000072479248,0.0,0,0
136,ESTR4.SA,2023-01-03,3.999000072479248,3.999000072479248,3.999000072479248,3.999000072479248,0,3.999000072479248,0.0,1,0
137,ESTR4.SA,2023-01-04,3.999000072479248,3.999000072479248,3.999000072479248,3.999000072479248,0,3.999000072479248,0.0,2,0
138,ESTR4.SA,2023-01-05,3.999000072479248,3.999000072479248,3.999000072479248,3.999000072479248,5000,3.999000072479248,0.0,3,0
139,ESTR4.SA,2023-01-06,3.999000072479248,3.999000072479248,3.999000072479248,3.999000072479248,0,3.999000072479248,0.0,4,0
140,ESTR4.SA,2023-01-09,3.999000072479248,3.999000072479248,3.999000072479248,3.999000072479248,0,3.999000072479248,0.0,0,0
141,ESTR4.SA,2023-01-10,3.999000072479248,3.999000072479248,3.999000072479248,3.999000072479248,3000,3.999000072479248,0.0,1,0
142,ESTR4.SA,2023-01-11,3.999000072479248,3.999000072479248,3.999000072479248,3.999000072479248,0,3.999000072479248,0.0,2,0
143,ESTR4.SA,2023-01-12,3.999000072479248,3.999000072479248,3.999000072479248,3.999000072479248,0,3.999000072479248,0.0,3,0
144,ESTR4.SA,2023-01-13,3.999000072479248,3.999000072479248,3.999000072479248,3.999000072479248,3000,3.999000072479248,0.0,4,0
145,ESTR4.SA,2023-01-16,3.999000072479248,3.999000072479248,3.999000072479248,3.999000072479248,0,3.999000072479248,0.0,0,0
146,ESTR4.SA,2023-01-17,3.999000072479248,3.999000072479248,3.999000072479248,3.999000072479248,0,3.999000072479248,0.0,1,0
147,ESTR4.SA,2023-01-18,3.999000072479248,3.999000072479248,3.999000072479248,3.999000072479248,0,3.999000072479248,0.0,2,0
148,ESTR4.SA,2023-01-19,3.999000072479248,3.999000072479248,3.999000072479248,3.999000072479248,0,3.999000072479248,0.0,3,0
149,ESTR4.SA,2023-01-20,3.999000072479248,3.999000072479248,3.999000072479248,3.999000072479248,0,3.999000072479248,0.0,4,0
150,ESTR4.SA,2023-01-23,3.999000072479248,3.999000072479248,3.999000072479248,3.999000072479248,1000,3.999000072479248,0.0,0,0
151,ESTR4.SA,2023-01-24,3.999000072479248,3.999000072479248,3.999000072479248,3.999000072479248,0,3.999000072479248,0.0,1,0
152,ESTR4.SA,2023-01-25,3.999000072479248,3.999000072479248,3.999000072479248,3.999000072479248,0,3.999000072479248,0.0,2,0
153,ESTR4.SA,2023-01-26,3.999000072479248,3.999000072479248,3.999000072479248,3.999000072479248,0,3.999000072479248,0.0,3,0
154,ESTR4.SA,2023-01-27,3.999000072479248,3.999000072479248,3.999000072479248,3.999000072479248,0,3.999000072479248,0.0,4,0
155,ESTR4.SA,2023-01-30,3.999000072479248,3.999000072479248,3.999000072479248,3.999000072479248,1000,3.999000072479248,0.0,0,0
156,ESTR4.SA,2023-01-31,3.999000072479248,3.999000072479248,3.999000072479248,3.999000072479248,0,3.999000072479248,0.0,1,0
157,ESTR4.SA,2023-02-01,3.999000072479248,3.999000072479248,3.999000072479248,3.999000072479248,0,3.999000072479248,0.0,2,0
158,ESTR4.SA,2023-02-02,3.999000072479248,3.999000072479248,3.999000072479248,3.999000072479248,0,3.999000072479248,0.0,3,0
159,ESTR4.SA,2023-02-03,3.999000072479248,3.999000072479248,3.999000072479248,3.999000072479248,0,3.999000072479248,0.0,4,0
160,ESTR4.SA,2023-02-06,3.999000072479248,3.999000072479248,3.999000072479248,3.999000072479248,0,3.999000072479248,0.0,0,0
161,ESTR4.SA,2023-02-07,3.999000072479248,3.999000072479248,3.999000072479248,3.999000072479248,0,3.999000072479248,0.0,1,0
162,ESTR4.SA,2023-02-08,3.999000072479248,3.999000072479248,3.999000072479248,3.999000072479248,0,3.999000072479248,0.0,2,0
163,ESTR4.SA,2023-02-09,3.999000072479248,3.999000072479248,3.999000072479248,3.999000072479248,0,3.999000072479248,0.0,3,0
164,ESTR4.SA,2023-02-10,3.999000072479248,3.999000072479248,3.999000072479248,3.999000072479248,0,3.999000072479248,0.0,4,0
165,ESTR4.SA,2023-02-13,3.999000072479248,3.999000072479248,3.999000072479248,3.999000072479248,0,3.999000072479248,0.0,0,0
166,ESTR4.SA,2023-02-14,3.999000072479248,3.999000072479248,3.999000072479248,3.999000072479248,0,3.999000072479248,0.0,1,0
167,ESTR4.SA,2023-02-15,3.999000072479248,3.999000072479248,3.999000072479248,3.999000072479248,0,3.999000072479248,0.0,2,0
168,ESTR4.SA,2023-02-16,4.0,4.0,4.0,4.0,2000,4.0,0.0,3,0
169,ESTR4.SA,2023-02-17,4.0,4.0,4.0,4.0,0,4.0,0.0,4,0
170,ESTR4.SA,2023-02-22,4.0,4.0,4.0,4.0,0,4.0,0.0,2,0
171,ESTR4.SA,2023-02-23,4.0,4.0,4.0,4.0,0,4.0,0.0,3,0
172,ESTR4.SA,2023-02-24,4.0,4.0,4.0,4.0,0,4.0,0.0,4,0
173,ESTR4.SA,2023-02-27,3.999000072479248,4.0,3.999000072479248,4.0,2000,4.0,0.0,0,0
174,ESTR4.SA,2023-02-28,4.0,4.0,4.0,4.0,1000,4.0,0.0,1,0
175,ESTR4.SA,2023-03-01,4.0,4.0,4.0,4.0,1000,4.0,0.0,2,0
176,ESTR4.SA,2023-03-02,4.0,4.0,4.0,4.0,0,4.0,0.0,3,0
177,ESTR4.SA,2023-03-03,4.0,4.0,4.0,4.0,0,4.0,0.0,4,0
178,ESTR4.SA,2023-03-06,3.999000072479248,3.999000072479248,3.999000072479248,3.999000072479248,1000,3.999000072479248,0.0,0,0
179,ESTR4.SA,2023-03-07,3.999000072479248,3.999000072479248,3.999000072479248,3.999000072479248,0,3.999000072479248,0.0,1,0
180,ESTR4.SA,2023-03-08,3.999000072479248,3.999000072479248,3.999000072479248,3.999000072479248,0,3.999000072479248,0.0,2,0
181,ESTR4.SA,2023-03-09,3.999000072479248,3.999000072479248,3.999000072479248,3.999000072479248,0,3.999000072479248,0.0,3,0
182,ESTR4.SA,2023-03-10,3.999000072479248,3.999000072479248,3.999000072479248,3.999000072479248,0,3.999000072479248,0.0,4,0
183,ESTR4.SA,2023-03-13,3.999000072479248,3.999000072479248,3.999000072479248,3.999000072479248,0,3.999000072479248,0.0,0,0
184,ESTR4.SA,2023-03-14,3.999000072479248,3.999000072479248,3.999000072479248,3.999000072479248,0,3.999000072479248,0.0,1,0
185,ESTR4.SA,2023-03-15,3.999000072479248,3.999000072479248,3.999000072479248,3.999000072479248,0,3.999000072479248,0.0,2,0
186,ESTR4.SA,2023-03-16,3.999000072479248,3.999000072479248,3.999000072479248,3.999000072479248,0,3.999000072479248,0.0,3,0
187,ESTR4.SA,2023-03-17,3.999000072479248,3.999000072479248,3.999000072479248,3.999000072479248,0,3.999000072479248,0.0,4,0
188,ESTR4.SA,2023-03-20,3.999000072479248,3.999000072479248,3.999000072479248,3.999000072479248,0,3.999000072479248,0.0,0,0
189,ESTR4.SA,2023-03-21,3.999000072479248,3.999000072479248,3.999000072479248,3.999000072479248,0,3.999000072479248,0.0,1,0
190,ESTR4.SA,2023-03-22,3.999000072479248,3.999000072479248,3.999000072479248,3.999000072479248,0,3.999000072479248,0.0,2,0
191,ESTR4.SA,2023-03-23,3.999000072479248,3.999000072479248,3.999000072479248,3.999000072479248,0,3.999000072479248,0.0,3,0
192,ESTR4.SA,2023-03-24,3.999000072479248,3.999000072479248,3.999000072479248,3.999000072479248,0,3.999000072479248,0.0,4,0
193,ESTR4.SA,2023-03-27,3.999000072479248,3.999000072479248,3.999000072479248,3.999000072479248,0,3.999000072479248,0.0,0,0
194,ESTR4.SA,2023-03-28,4.5,4.796999931335449,4.5,4.796999931335449,14000,4.796999931335449,0.0,1,0
195,ESTR4.SA,2023-03-29,4.099999904632568,4.099999904632568,4.099999904632568,4.099999904632568,1000,4.099999904632568,0.0,2,0
196,ESTR4.SA,2023-03-30,4.099999904632568,4.099999904632568,4.099999904632568,4.099999904632568,0,4.099999904632568,0.0,3,0
197,ESTR4.SA,2023-03-31,4.099999904632568,4.099999904632568,4.099999904632568,4.099999904632568,0,4.099999904632568,0.0,4,0
198,ESTR4.SA,2023-04-03,4.099999904632568,4.099999904632568,4.099999904632568,4.099999904632568,0,4.099999904632568,0.0,0,0
199,ESTR4.SA,2023-04-04,3.799999952316284,3.799999952316284,3.799999952316284,3.799999952316284,1000,3.799999952316284,0.0,1,0
200,ESTR4.SA,2023-04-05,3.75,3.75,3.75,3.75,1000,3.75,0.0,2,0
201,ESTR4.SA,2023-04-06,3.75,3.75,3.75,3.75,0,3.75,0.0,3,0
202,ESTR4.SA,2023-04-10,3.75,3.75,3.75,3.75,0,3.75,0.0,0,0
203,ESTR4.SA,2023-04-11,3.799999952316284,3.799999952316284,3.799999952316284,3.799999952316284,1000,3.799999952316284,0.0,1,0
204,ESTR4.SA,2023-04-12,3.799999952316284,3.799999952316284,3.799999952316284,3.799999952316284,0,3.799999952316284,0.0,2,0
205,ESTR4.SA,2023-04-13,3.799999952316284,3.799999952316284,3.799999952316284,3.799999952316284,0,3.799999952316284,0.0,3,0
206,ESTR4.SA,2023-04-14,4.400000095367432,4.400000095367432,4.0,4.0,2000,4.0,0.0,4,0
207,ESTR4.SA,2023-04-17,4.0,4.0,4.0,4.0,0,4.0,0.0,0,0
208,ESTR4.SA,2023-04-18,4.0,4.0,4.0,4.0,0,4.0,0.0,1,0
209,ESTR4.SA,2023-04-19,4.0,4.0,4.0,4.0,0,4.0,0.0,2,0
210,ESTR4.SA,2023-04-20,4.0,4.0,4.0,4.0,0,4.0,0.0,3,0
211,ESTR4.SA,2023-04-24,4.0,4.0,4.0,4.0,0,4.0,0.0,0,0
212,ESTR4.SA,2023-04-25,4.0,4.0,4.0,4.0,0,4.0,0.0,1,0
213,ESTR4.SA,2023-04-26,4.099999904632568,4.099999904632568,4.099999904632568,4.099999904632568,1000,4.099999904632568,0.0,2,0
214,ESTR4.SA,2023-04-27,4.599999904632568,4.599999904632568,4.599999904632568,4.599999904632568,1000,4.599999904632568,0.0,3,0
215,ESTR4.SA,2023-04-28,4.599999904632568,4.599999904632568,4.599999904632568,4.599999904632568,0,4.599999904632568,0.0,4,0
216,ESTR4.SA,2023-05-02,4.599999904632568,4.599999904632568,4.599999904632568,4.599999904632568,0,4.599999904632568,0.0,1,0
217,ESTR4.SA,2023-05-03,4.199999809265137,4.199999809265137,4.199999809265137,4.199999809265137,1000,4.199999809265137,0.0,2,0
218,ESTR4.SA,2023-05-04,4.948999881744385,4.949999809265137,4.6020002365112305,4.6020002365112305,8000,4.6020002365112305,0.0,3,0
219,ESTR4.SA,2023-05-05,4.800000190734863,5.999000072479248,4.800000190734863,5.599999904632568,7000,5.599999904632568,0.0,4,0
220,ESTR4.SA,2023-05-08,6.0,6.0,6.0,6.0,2000,6.0,0.0,0,0
221,ESTR4.SA,2023-05-09,6.0,6.0,6.0,6.0,0,6.0,0.0,1,0
222,ESTR4.SA,2023-05-10,6.5,6.5,6.5,6.5,1000,6.5,0.0,2,0
223,ESTR4.SA,2023-05-11,6.578000068664551,6.900000095367432,6.578000068664551,6.900000095367432,2000,6.900000095367432,0.0,3,0
224,ESTR4.SA,2023-05-12,6.900000095367432,6.900000095367432,6.900000095367432,6.900000095367432,0,6.900000095367432,0.0,4,0
225,ESTR4.SA,2023-05-15,6.900000095367432,6.900000095367432,6.900000095367432,6.900000095367432,0,6.900000095367432,0.0,0,0
226,ESTR4.SA,2023-05-16,6.900000095367432,6.900000095367432,6.900000095367432,6.900000095367432,0,6.900000095367432,0.0,1,0
227,ESTR4.SA,2023-05-17,6.900000095367432,7.199999809265137,6.900000095367432,7.199999809265137,2000,7.199999809265137,0.0,2,0
228,ESTR4.SA,2023-05-18,6.559999942779541,6.559999942779541,6.0,6.0,8000,6.0,0.0,3,0
229,ESTR4.SA,2023-05-19,6.0,6.0,6.0,6.0,0,6.0,0.0,4,0
230,ESTR4.SA,2023-05-22,6.0,6.0,6.0,6.0,1000,6.0,0.0,0,0
231,ESTR4.SA,2023-05-23,6.0,6.0,6.0,6.0,1000,6.0,0.0,1,0
232,ESTR4.SA,2023-05-24,5.800000190734863,5.800000190734863,5.800000190734863,5.800000190734863,1000,5.800000190734863,0.0,2,0
233,ESTR4.SA,2023-05-25,6.199999809265137,6.5,6.199999809265137,6.5,3000,6.5,0.0,3,0
234,ESTR4.SA,2023-05-26,6.5,6.5,6.5,6.5,0,6.5,0.0,4,0
235,ESTR4.SA,2023-05-29,6.5,6.5,6.5,6.5,0,6.5,0.0,0,0
236,ESTR4.SA,2023-05-30,6.5,6.5,5.800000190734863,5.800000190734863,5000,5.800000190734863,0.0,1,0
237,ESTR4.SA,2023-05-31,5.800000190734863,5.800000190734863,5.800000190734863,5.800000190734863,0,5.800000190734863,0.0,2,0
238,ESTR4.SA,2023-06-01,6.5,8.300000190734863,6.5,6.900000095367432,25000,6.900000095367432,10.0,3,0
239,ESTR4.SA,2023-06-02,7.510000228881836,8.279999732971191,5.800000190734863,6.800000190734863,51600,6.800000190734863,0.0,4,0
240,ESTR4.SA,2023-06-05,7.0,7.25,6.489999771118164,6.880000114440918,18700,6.880000114440918,0.0,0,0
241,ESTR4.SA,2023-06-06,6.699999809265137,6.800000190734863,6.519999980926514,6.699999809265137,3000,6.699999809265137,0.0,1,0
242,ESTR4.SA,2023-06-07,6.699999809265137,6.829999923706055,6.300000190734863,6.800000190734863,5400,6.800000190734863,0.0,2,0
243,ESTR4.SA,2023-06-09,6.699999809265137,6.800000190734863,6.599999904632568,6.800000190734863,2100,6.800000190734863,0.0,4,0
244,ESTR4.SA,2023-06-12,6.829999923706055,6.949999809265137,6.5,6.650000095367432,16200,6.650000095367432,0.0,0,0
245,ESTR4.SA,2023-06-13,6.849999904632568,6.869999885559082,6.690000057220459,6.869999885559082,44600,6.869999885559082,0.0,1,0
246,ESTR4.SA,2023-06-14,6.889999866485596,6.889999866485596,6.800000190734863,6.800000190734863,1400,6.800000190734863,0.0,2,0
247,ESTR4.SA,2023-06-15,6.71999979019165,6.800000190734863,6.71999979019165,6.78000020980835,300,6.78000020980835,0.0,3,0
248,ESTR4.SA,2023-06-16,6.699999809265137,6.820000171661377,6.699999809265137,6.820000171661377,400,6.820000171661377,0.0,4,0
249,ESTR4.SA,2023-06-19,6.699999809265137,6.699999809265137,6.699999809265137,6.699999809265137,800,6.699999809265137,0.0,0,0
